Bulan,Kecamatan,Kelurahan,Jenis Pelayanan,Jumlah Dilayani
Januari,Batununggal,Samoja,Pelayanan Surat Permohonan Kartu Keluarga,28
Januari,Batununggal,Samoja,Pelayanan Surat Permohonan KTP,20
Januari,Batununggal,Samoja,Pelayanan SKCK,3
Januari,Batununggal,Samoja,Pelayanan Surat Pindah Datang,2
Januari,Batununggal,Samoja,Pelayanan Surat Pindah Keluar ,4
Januari,Batununggal,Samoja,Pelayanan Surat Keterangan Tidak Mampu (SKTM),20
Januari,Batununggal,Samoja,Pelayanan Surat Keterangan,30
Januari,Batununggal,Samoja,Pelayanan Umum,-
Januari,Batununggal,Samoja,Pelayanan Surat Pengantar Pernikahan (NA),5
Januari,Batununggal,Samoja,Pelayanan Surat Keterangan Kelahiran,3
Januari,Batununggal,Samoja,Pelayanan Surat Keterangan Kematian,2
Januari,Batununggal,Samoja,Pelayanan Surat Keterangan Domisili Perusahaan (SKDP),-
Februari,Batununggal,Samoja,Pelayanan Surat Permohonan Kartu Keluarga,25
Februari,Batununggal,Samoja,Pelayanan Surat Permohonan KTP,10
Februari,Batununggal,Samoja,Pelayanan SKCK,4
Februari,Batununggal,Samoja,Pelayanan Surat Pindah Datang,5
Februari,Batununggal,Samoja,Pelayanan Surat Pindah Keluar ,7
Februari,Batununggal,Samoja,Pelayanan Surat Keterangan Tidak Mampu (SKTM),15
Februari,Batununggal,Samoja,Pelayanan Surat Keterangan,25
Februari,Batununggal,Samoja,Pelayanan Umum,2
Februari,Batununggal,Samoja,Pelayanan Surat Pengantar Pernikahan (NA),3
Februari,Batununggal,Samoja,Pelayanan Surat Keterangan Kelahiran,7
Februari,Batununggal,Samoja,Pelayanan Surat Keterangan Kematian,1
Februari,Batununggal,Samoja,Pelayanan Surat Keterangan Domisili Perusahaan (SKDP),-
Maret,Batununggal,Samoja,Pelayanan Surat Permohonan Kartu Keluarga,30
Maret,Batununggal,Samoja,Pelayanan Surat Permohonan KTP,20
Maret,Batununggal,Samoja,Pelayanan SKCK,4
Maret,Batununggal,Samoja,Pelayanan Surat Pindah Datang,3
Maret,Batununggal,Samoja,Pelayanan Surat Pindah Keluar ,5
Maret,Batununggal,Samoja,Pelayanan Surat Keterangan Tidak Mampu (SKTM),10
Maret,Batununggal,Samoja,Pelayanan Surat Keterangan,25
Maret,Batununggal,Samoja,Pelayanan Umum,2
Maret,Batununggal,Samoja,Pelayanan Surat Pengantar Pernikahan (NA),7
Maret,Batununggal,Samoja,Pelayanan Surat Keterangan Kelahiran,6
Maret,Batununggal,Samoja,Pelayanan Surat Keterangan Kematian,4
Maret,Batununggal,Samoja,Pelayanan Surat Keterangan Domisili Perusahaan (SKDP),-
April,Batununggal,Samoja,Pelayanan Surat Permohonan Kartu Keluarga,30
April,Batununggal,Samoja,Pelayanan Surat Permohonan KTP,20
April,Batununggal,Samoja,Pelayanan SKCK,7
April,Batununggal,Samoja,Pelayanan Surat Pindah Datang,4
April,Batununggal,Samoja,Pelayanan Surat Pindah Keluar ,6
April,Batununggal,Samoja,Pelayanan Surat Keterangan Tidak Mampu (SKTM),12
April,Batununggal,Samoja,Pelayanan Surat Keterangan,28
April,Batununggal,Samoja,Pelayanan Umum,3
April,Batununggal,Samoja,Pelayanan Surat Pengantar Pernikahan (NA),10
April,Batununggal,Samoja,Pelayanan Surat Keterangan Kelahiran,5
April,Batununggal,Samoja,Pelayanan Surat Keterangan Kematian,1
April,Batununggal,Samoja,Pelayanan Surat Keterangan Domisili Perusahaan (SKDP),-
Mei,Batununggal,Samoja,Pelayanan Surat Permohonan Kartu Keluarga,34
Mei,Batununggal,Samoja,Pelayanan Surat Permohonan KTP,10
Mei,Batununggal,Samoja,Pelayanan SKCK,8
Mei,Batununggal,Samoja,Pelayanan Surat Pindah Datang,6
Mei,Batununggal,Samoja,Pelayanan Surat Pindah Keluar ,11
Mei,Batununggal,Samoja,Pelayanan Surat Keterangan Tidak Mampu (SKTM),30
Mei,Batununggal,Samoja,Pelayanan Surat Keterangan,32
Mei,Batununggal,Samoja,Pelayanan Umum,-
Mei,Batununggal,Samoja,Pelayanan Surat Pengantar Pernikahan (NA),9
Mei,Batununggal,Samoja,Pelayanan Surat Keterangan Kelahiran,9
Mei,Batununggal,Samoja,Pelayanan Surat Keterangan Kematian,2
Mei,Batununggal,Samoja,Pelayanan Surat Keterangan Domisili Perusahaan (SKDP),-
Juni,Batununggal,Samoja,Pelayanan Surat Permohonan Kartu Keluarga,38
Juni,Batununggal,Samoja,Pelayanan Surat Permohonan KTP,25
Juni,Batununggal,Samoja,Pelayanan SKCK,5
Juni,Batununggal,Samoja,Pelayanan Surat Pindah Datang,1
Juni,Batununggal,Samoja,Pelayanan Surat Pindah Keluar ,3
Juni,Batununggal,Samoja,Pelayanan Surat Keterangan Tidak Mampu (SKTM),14
Juni,Batununggal,Samoja,Pelayanan Surat Keterangan,26
Juni,Batununggal,Samoja,Pelayanan Umum,-
Juni,Batununggal,Samoja,Pelayanan Surat Pengantar Pernikahan (NA),2
Juni,Batununggal,Samoja,Pelayanan Surat Keterangan Kelahiran,3
Juni,Batununggal,Samoja,Pelayanan Surat Keterangan Kematian,-
Juni,Batununggal,Samoja,Pelayanan Surat Keterangan Domisili Perusahaan (SKDP),-
Juli,Batununggal,Samoja,Pelayanan Surat Permohonan Kartu Keluarga,27
Juli,Batununggal,Samoja,Pelayanan Surat Permohonan KTP,23
Juli,Batununggal,Samoja,Pelayanan SKCK,10
Juli,Batununggal,Samoja,Pelayanan Surat Pindah Datang,8
Juli,Batununggal,Samoja,Pelayanan Surat Pindah Keluar ,11
Juli,Batununggal,Samoja,Pelayanan Surat Keterangan Tidak Mampu (SKTM),10
Juli,Batununggal,Samoja,Pelayanan Surat Keterangan,21
Juli,Batununggal,Samoja,Pelayanan Umum,4
Juli,Batununggal,Samoja,Pelayanan Surat Pengantar Pernikahan (NA),8
Juli,Batununggal,Samoja,Pelayanan Surat Keterangan Kelahiran,17
Juli,Batununggal,Samoja,Pelayanan Surat Keterangan Kematian,5
Juli,Batununggal,Samoja,Pelayanan Surat Keterangan Domisili Perusahaan (SKDP),-
Agustus,Batununggal,Samoja,Pelayanan Surat Permohonan Kartu Keluarga,34
Agustus,Batununggal,Samoja,Pelayanan Surat Permohonan KTP,10
Agustus,Batununggal,Samoja,Pelayanan SKCK,8
Agustus,Batununggal,Samoja,Pelayanan Surat Pindah Datang,9
Agustus,Batununggal,Samoja,Pelayanan Surat Pindah Keluar ,12
Agustus,Batununggal,Samoja,Pelayanan Surat Keterangan Tidak Mampu (SKTM),19
Agustus,Batununggal,Samoja,Pelayanan Surat Keterangan,32
Agustus,Batununggal,Samoja,Pelayanan Umum,-
Agustus,Batununggal,Samoja,Pelayanan Surat Pengantar Pernikahan (NA),7
Agustus,Batununggal,Samoja,Pelayanan Surat Keterangan Kelahiran,42
Agustus,Batununggal,Samoja,Pelayanan Surat Keterangan Kematian,7
Agustus,Batununggal,Samoja,Pelayanan Surat Keterangan Domisili Perusahaan (SKDP),-
September,Batununggal,Samoja,Pelayanan Surat Permohonan Kartu Keluarga,38
September,Batununggal,Samoja,Pelayanan Surat Permohonan KTP,15
September,Batununggal,Samoja,Pelayanan SKCK,9
September,Batununggal,Samoja,Pelayanan Surat Pindah Datang,7
September,Batununggal,Samoja,Pelayanan Surat Pindah Keluar ,10
September,Batununggal,Samoja,Pelayanan Surat Keterangan Tidak Mampu (SKTM),20
September,Batununggal,Samoja,Pelayanan Surat Keterangan,35
September,Batununggal,Samoja,Pelayanan Umum,-
September,Batununggal,Samoja,Pelayanan Surat Pengantar Pernikahan (NA),8
September,Batununggal,Samoja,Pelayanan Surat Keterangan Kelahiran,10
September,Batununggal,Samoja,Pelayanan Surat Keterangan Kematian,2
September,Batununggal,Samoja,Pelayanan Surat Keterangan Domisili Perusahaan (SKDP),-
Oktober,Batununggal,Samoja,Pelayanan Surat Permohonan Kartu Keluarga,40
Oktober,Batununggal,Samoja,Pelayanan Surat Permohonan KTP,12
Oktober,Batununggal,Samoja,Pelayanan SKCK,8
Oktober,Batununggal,Samoja,Pelayanan Surat Pindah Datang,5
Oktober,Batununggal,Samoja,Pelayanan Surat Pindah Keluar ,10
Oktober,Batununggal,Samoja,Pelayanan Surat Keterangan Tidak Mampu (SKTM),15
Oktober,Batununggal,Samoja,Pelayanan Surat Keterangan,38
Oktober,Batununggal,Samoja,Pelayanan Umum,-
Oktober,Batununggal,Samoja,Pelayanan Surat Pengantar Pernikahan (NA),10
Oktober,Batununggal,Samoja,Pelayanan Surat Keterangan Kelahiran,12
Oktober,Batununggal,Samoja,Pelayanan Surat Keterangan Kematian,3
Oktober,Batununggal,Samoja,Pelayanan Surat Keterangan Domisili Perusahaan (SKDP),-
November,Batununggal,Samoja,Pelayanan Surat Permohonan Kartu Keluarga,23
November,Batununggal,Samoja,Pelayanan Surat Permohonan KTP,18
November,Batununggal,Samoja,Pelayanan SKCK,8
November,Batununggal,Samoja,Pelayanan Surat Pindah Datang,2
November,Batununggal,Samoja,Pelayanan Surat Pindah Keluar ,6
November,Batununggal,Samoja,Pelayanan Surat Keterangan Tidak Mampu (SKTM),12
November,Batununggal,Samoja,Pelayanan Surat Keterangan,26
November,Batununggal,Samoja,Pelayanan Umum,-
November,Batununggal,Samoja,Pelayanan Surat Pengantar Pernikahan (NA),12
November,Batununggal,Samoja,Pelayanan Surat Keterangan Kelahiran,6
November,Batununggal,Samoja,Pelayanan Surat Keterangan Kematian,6
November,Batununggal,Samoja,Pelayanan Surat Keterangan Domisili Perusahaan (SKDP),-
Desember,Batununggal,Samoja,Pelayanan Surat Permohonan Kartu Keluarga,20
Desember,Batununggal,Samoja,Pelayanan Surat Permohonan KTP,11
Desember,Batununggal,Samoja,Pelayanan SKCK,5
Desember,Batununggal,Samoja,Pelayanan Surat Pindah Datang,2
Desember,Batununggal,Samoja,Pelayanan Surat Pindah Keluar ,7
Desember,Batununggal,Samoja,Pelayanan Surat Keterangan Tidak Mampu (SKTM),10
Desember,Batununggal,Samoja,Pelayanan Surat Keterangan,25
Desember,Batununggal,Samoja,Pelayanan Umum,-
Desember,Batununggal,Samoja,Pelayanan Surat Pengantar Pernikahan (NA),5
Desember,Batununggal,Samoja,Pelayanan Surat Keterangan Kelahiran,5
Desember,Batununggal,Samoja,Pelayanan Surat Keterangan Kematian,3
Desember,Batununggal,Samoja,Pelayanan Surat Keterangan Domisili Perusahaan (SKDP),-
Januari,Batununggal,Gumuruh,Pelayanan Surat Pindah Keluar ,34
Januari,Batununggal,Gumuruh,Pelayanan Surat Pindah Datang,20
Januari,Batununggal,Gumuruh,Pelayanan Surat Permohonan KTP,99
Januari,Batununggal,Gumuruh,Pelayanan Surat Permohonan Kartu Keluarga,98
Januari,Batununggal,Gumuruh,Pelayanan Surat Pengantar Pernikahan (NA),32
Januari,Batununggal,Gumuruh,Pelayanan Surat Keterangan Usaha (SHU),-
Januari,Batununggal,Gumuruh,Pelayanan Surat Keterangan Domisili Perusahaan (SKDP),2
Januari,Batununggal,Gumuruh,Pelayanan Surat Keterangan Kelahiran,36
Januari,Batununggal,Gumuruh,Pelayanan Surat Keterangan Kematian,6
Januari,Batununggal,Gumuruh,Pelayanan Surat Keterangan Ahli Waris,4
Januari,Batununggal,Gumuruh,Pelayanan Surat Keterangan Belum Menikah,4
Januari,Batununggal,Gumuruh,Pelayanan Surat Keterangan Domisili Kependudukan,20
Januari,Batununggal,Gumuruh,Pelayanan Surat Keterangan Domisili Haji,10
Januari,Batununggal,Gumuruh,Pelayanan Surat Keterangan Tidak Mampu (SKTM),19
Februari,Batununggal,Gumuruh,Pelayanan Surat Pindah Keluar ,21
Februari,Batununggal,Gumuruh,Pelayanan Surat Pindah Datang,22
Februari,Batununggal,Gumuruh,Pelayanan Surat Permohonan KTP,76
Februari,Batununggal,Gumuruh,Pelayanan Surat Permohonan Kartu Keluarga,110
Februari,Batununggal,Gumuruh,Pelayanan Surat Pengantar Pernikahan (NA),13
Februari,Batununggal,Gumuruh,Pelayanan Surat Keterangan Usaha (SHU),-
Februari,Batununggal,Gumuruh,Pelayanan Surat Keterangan Domisili Perusahaan (SKDP),2
Februari,Batununggal,Gumuruh,Pelayanan Surat Keterangan Kelahiran,33
Februari,Batununggal,Gumuruh,Pelayanan Surat Keterangan Kematian,11
Februari,Batununggal,Gumuruh,Pelayanan Surat Keterangan Ahli Waris,3
Februari,Batununggal,Gumuruh,Pelayanan Surat Keterangan Belum Menikah,-
Februari,Batununggal,Gumuruh,Pelayanan Surat Keterangan Domisili Kependudukan,15
Februari,Batununggal,Gumuruh,Pelayanan Surat Keterangan Domisili Haji,10
Februari,Batununggal,Gumuruh,Pelayanan Surat Keterangan Tidak Mampu (SKTM),18
Maret,Batununggal,Gumuruh,Pelayanan Surat Pindah Keluar ,37
Maret,Batununggal,Gumuruh,Pelayanan Surat Pindah Datang,18
Maret,Batununggal,Gumuruh,Pelayanan Surat Permohonan KTP,90
Maret,Batununggal,Gumuruh,Pelayanan Surat Permohonan Kartu Keluarga,70
Maret,Batununggal,Gumuruh,Pelayanan Surat Pengantar Pernikahan (NA),15
Maret,Batununggal,Gumuruh,Pelayanan Surat Keterangan Usaha (SHU),-
Maret,Batununggal,Gumuruh,Pelayanan Surat Keterangan Domisili Perusahaan (SKDP),4
Maret,Batununggal,Gumuruh,Pelayanan Surat Keterangan Kelahiran,31
Maret,Batununggal,Gumuruh,Pelayanan Surat Keterangan Kematian,12
Maret,Batununggal,Gumuruh,Pelayanan Surat Keterangan Ahli Waris,3
Maret,Batununggal,Gumuruh,Pelayanan Surat Keterangan Belum Menikah,-
Maret,Batununggal,Gumuruh,Pelayanan Surat Keterangan Domisili Kependudukan,79
Maret,Batununggal,Gumuruh,Pelayanan Surat Keterangan Domisili Haji,-
Maret,Batununggal,Gumuruh,Pelayanan Surat Keterangan Tidak Mampu (SKTM),30
April,Batununggal,Gumuruh,Pelayanan Surat Pindah Keluar ,30
April,Batununggal,Gumuruh,Pelayanan Surat Pindah Datang,26
April,Batununggal,Gumuruh,Pelayanan Surat Permohonan KTP,57
April,Batununggal,Gumuruh,Pelayanan Surat Permohonan Kartu Keluarga,92
April,Batununggal,Gumuruh,Pelayanan Surat Pengantar Pernikahan (NA),23
April,Batununggal,Gumuruh,Pelayanan Surat Keterangan Usaha (SHU),-
April,Batununggal,Gumuruh,Pelayanan Surat Keterangan Domisili Perusahaan (SKDP),1
April,Batununggal,Gumuruh,Pelayanan Surat Keterangan Kelahiran,78
April,Batununggal,Gumuruh,Pelayanan Surat Keterangan Kematian,17
April,Batununggal,Gumuruh,Pelayanan Surat Keterangan Ahli Waris,-
April,Batununggal,Gumuruh,Pelayanan Surat Keterangan Belum Menikah,-
April,Batununggal,Gumuruh,Pelayanan Surat Keterangan Domisili Kependudukan,77
April,Batununggal,Gumuruh,Pelayanan Surat Keterangan Domisili Haji,-
April,Batununggal,Gumuruh,Pelayanan Surat Keterangan Tidak Mampu (SKTM),15
Mei,Batununggal,Gumuruh,Pelayanan Surat Pindah Keluar ,12
Mei,Batununggal,Gumuruh,Pelayanan Surat Pindah Datang,21
Mei,Batununggal,Gumuruh,Pelayanan Surat Permohonan KTP,62
Mei,Batununggal,Gumuruh,Pelayanan Surat Permohonan Kartu Keluarga,81
Mei,Batununggal,Gumuruh,Pelayanan Surat Pengantar Pernikahan (NA),65
Mei,Batununggal,Gumuruh,Pelayanan Surat Keterangan Usaha (SHU),-
Mei,Batununggal,Gumuruh,Pelayanan Surat Keterangan Domisili Perusahaan (SKDP),3
Mei,Batununggal,Gumuruh,Pelayanan Surat Keterangan Kelahiran,10
Mei,Batununggal,Gumuruh,Pelayanan Surat Keterangan Kematian,9
Mei,Batununggal,Gumuruh,Pelayanan Surat Keterangan Ahli Waris,2
Mei,Batununggal,Gumuruh,Pelayanan Surat Keterangan Belum Menikah,-
Mei,Batununggal,Gumuruh,Pelayanan Surat Keterangan Domisili Kependudukan,-
Mei,Batununggal,Gumuruh,Pelayanan Surat Keterangan Domisili Haji,38
Mei,Batununggal,Gumuruh,Pelayanan Surat Keterangan Tidak Mampu (SKTM),167
Juni,Batununggal,Gumuruh,Pelayanan Surat Pindah Keluar ,9
Juni,Batununggal,Gumuruh,Pelayanan Surat Pindah Datang,11
Juni,Batununggal,Gumuruh,Pelayanan Surat Permohonan KTP,68
Juni,Batununggal,Gumuruh,Pelayanan Surat Permohonan Kartu Keluarga,37
Juni,Batununggal,Gumuruh,Pelayanan Surat Pengantar Pernikahan (NA),21
Juni,Batununggal,Gumuruh,Pelayanan Surat Keterangan Usaha (SHU),-
Juni,Batununggal,Gumuruh,Pelayanan Surat Keterangan Domisili Perusahaan (SKDP),1
Juni,Batununggal,Gumuruh,Pelayanan Surat Keterangan Kelahiran,16
Juni,Batununggal,Gumuruh,Pelayanan Surat Keterangan Kematian,9
Juni,Batununggal,Gumuruh,Pelayanan Surat Keterangan Ahli Waris,2
Juni,Batununggal,Gumuruh,Pelayanan Surat Keterangan Belum Menikah,-
Juni,Batununggal,Gumuruh,Pelayanan Surat Keterangan Domisili Kependudukan,15
Juni,Batununggal,Gumuruh,Pelayanan Surat Keterangan Domisili Haji,-
Juni,Batununggal,Gumuruh,Pelayanan Surat Keterangan Tidak Mampu (SKTM),62
Juli,Batununggal,Gumuruh,Pelayanan Surat Pindah Keluar ,44
Juli,Batununggal,Gumuruh,Pelayanan Surat Pindah Datang,42
Juli,Batununggal,Gumuruh,Pelayanan Surat Permohonan KTP,91
Juli,Batununggal,Gumuruh,Pelayanan Surat Permohonan Kartu Keluarga,113
Juli,Batununggal,Gumuruh,Pelayanan Surat Pengantar Pernikahan (NA),29
Juli,Batununggal,Gumuruh,Pelayanan Surat Keterangan Usaha (SHU),-
Juli,Batununggal,Gumuruh,Pelayanan Surat Keterangan Domisili Perusahaan (SKDP),-
Juli,Batununggal,Gumuruh,Pelayanan Surat Keterangan Kelahiran,38
Juli,Batununggal,Gumuruh,Pelayanan Surat Keterangan Kematian,16
Juli,Batununggal,Gumuruh,Pelayanan Surat Keterangan Ahli Waris,3
Juli,Batununggal,Gumuruh,Pelayanan Surat Keterangan Belum Menikah,-
Juli,Batununggal,Gumuruh,Pelayanan Surat Keterangan Domisili Kependudukan,73
Juli,Batununggal,Gumuruh,Pelayanan Surat Keterangan Domisili Haji,-
Juli,Batununggal,Gumuruh,Pelayanan Surat Keterangan Tidak Mampu (SKTM),71
Agustus,Batununggal,Gumuruh,Pelayanan Surat Pindah Keluar ,34
Agustus,Batununggal,Gumuruh,Pelayanan Surat Pindah Datang,25
Agustus,Batununggal,Gumuruh,Pelayanan Surat Permohonan KTP,76
Agustus,Batununggal,Gumuruh,Pelayanan Surat Permohonan Kartu Keluarga,79
Agustus,Batununggal,Gumuruh,Pelayanan Surat Pengantar Pernikahan (NA),26
Agustus,Batununggal,Gumuruh,Pelayanan Surat Keterangan Usaha (SHU),-
Agustus,Batununggal,Gumuruh,Pelayanan Surat Keterangan Domisili Perusahaan (SKDP),3
Agustus,Batununggal,Gumuruh,Pelayanan Surat Keterangan Kelahiran,53
Agustus,Batununggal,Gumuruh,Pelayanan Surat Keterangan Kematian,8
Agustus,Batununggal,Gumuruh,Pelayanan Surat Keterangan Ahli Waris,6
Agustus,Batununggal,Gumuruh,Pelayanan Surat Keterangan Belum Menikah,-
Agustus,Batununggal,Gumuruh,Pelayanan Surat Keterangan Domisili Kependudukan,87
Agustus,Batununggal,Gumuruh,Pelayanan Surat Keterangan Domisili Haji,-
Agustus,Batununggal,Gumuruh,Pelayanan Surat Keterangan Tidak Mampu (SKTM),28
September,Batununggal,Gumuruh,Pelayanan Surat Pindah Keluar ,27
September,Batununggal,Gumuruh,Pelayanan Surat Pindah Datang,31
September,Batununggal,Gumuruh,Pelayanan Surat Permohonan KTP,57
September,Batununggal,Gumuruh,Pelayanan Surat Permohonan Kartu Keluarga,101
September,Batununggal,Gumuruh,Pelayanan Surat Pengantar Pernikahan (NA),26
September,Batununggal,Gumuruh,Pelayanan Surat Keterangan Usaha (SHU),-
September,Batununggal,Gumuruh,Pelayanan Surat Keterangan Domisili Perusahaan (SKDP),-
September,Batununggal,Gumuruh,Pelayanan Surat Keterangan Kelahiran,38
September,Batununggal,Gumuruh,Pelayanan Surat Keterangan Kematian,5
September,Batununggal,Gumuruh,Pelayanan Surat Keterangan Ahli Waris,-
September,Batununggal,Gumuruh,Pelayanan Surat Keterangan Belum Menikah,-
September,Batununggal,Gumuruh,Pelayanan Surat Keterangan Domisili Kependudukan,54
September,Batununggal,Gumuruh,Pelayanan Surat Keterangan Domisili Haji,-
September,Batununggal,Gumuruh,Pelayanan Surat Keterangan Tidak Mampu (SKTM),49
Oktober,Batununggal,Gumuruh,Pelayanan Surat Pindah Keluar ,34
Oktober,Batununggal,Gumuruh,Pelayanan Surat Pindah Datang,20
Oktober,Batununggal,Gumuruh,Pelayanan Surat Permohonan KTP,83
Oktober,Batununggal,Gumuruh,Pelayanan Surat Permohonan Kartu Keluarga,72
Oktober,Batununggal,Gumuruh,Pelayanan Surat Pengantar Pernikahan (NA),20
Oktober,Batununggal,Gumuruh,Pelayanan Surat Keterangan Usaha (SHU),-
Oktober,Batununggal,Gumuruh,Pelayanan Surat Keterangan Domisili Perusahaan (SKDP),-
Oktober,Batununggal,Gumuruh,Pelayanan Surat Keterangan Kelahiran,20
Oktober,Batununggal,Gumuruh,Pelayanan Surat Keterangan Kematian,17
Oktober,Batununggal,Gumuruh,Pelayanan Surat Keterangan Ahli Waris,3
Oktober,Batununggal,Gumuruh,Pelayanan Surat Keterangan Belum Menikah,-
Oktober,Batununggal,Gumuruh,Pelayanan Surat Keterangan Domisili Kependudukan,36
Oktober,Batununggal,Gumuruh,Pelayanan Surat Keterangan Domisili Haji,-
Oktober,Batununggal,Gumuruh,Pelayanan Surat Keterangan Tidak Mampu (SKTM),36
November,Batununggal,Gumuruh,Pelayanan Surat Pindah Keluar ,29
November,Batununggal,Gumuruh,Pelayanan Surat Pindah Datang,16
November,Batununggal,Gumuruh,Pelayanan Surat Permohonan KTP,60
November,Batununggal,Gumuruh,Pelayanan Surat Permohonan Kartu Keluarga,68
November,Batununggal,Gumuruh,Pelayanan Surat Pengantar Pernikahan (NA),31
November,Batununggal,Gumuruh,Pelayanan Surat Keterangan Usaha (SHU),-
November,Batununggal,Gumuruh,Pelayanan Surat Keterangan Domisili Perusahaan (SKDP),-
November,Batununggal,Gumuruh,Pelayanan Surat Keterangan Kelahiran,27
November,Batununggal,Gumuruh,Pelayanan Surat Keterangan Kematian,8
November,Batununggal,Gumuruh,Pelayanan Surat Keterangan Ahli Waris,-
November,Batununggal,Gumuruh,Pelayanan Surat Keterangan Belum Menikah,-
November,Batununggal,Gumuruh,Pelayanan Surat Keterangan Domisili Kependudukan,43
November,Batununggal,Gumuruh,Pelayanan Surat Keterangan Domisili Haji,-
November,Batununggal,Gumuruh,Pelayanan Surat Keterangan Tidak Mampu (SKTM),14
Desember,Batununggal,Gumuruh,Pelayanan Surat Pindah Keluar ,17
Desember,Batununggal,Gumuruh,Pelayanan Surat Pindah Datang,9
Desember,Batununggal,Gumuruh,Pelayanan Surat Permohonan KTP,87
Desember,Batununggal,Gumuruh,Pelayanan Surat Permohonan Kartu Keluarga,61
Desember,Batununggal,Gumuruh,Pelayanan Surat Pengantar Pernikahan (NA),13
Desember,Batununggal,Gumuruh,Pelayanan Surat Keterangan Usaha (SHU),-
Desember,Batununggal,Gumuruh,Pelayanan Surat Keterangan Domisili Perusahaan (SKDP),-
Desember,Batununggal,Gumuruh,Pelayanan Surat Keterangan Kelahiran,30
Desember,Batununggal,Gumuruh,Pelayanan Surat Keterangan Kematian,6
Desember,Batununggal,Gumuruh,Pelayanan Surat Keterangan Ahli Waris,2
Desember,Batununggal,Gumuruh,Pelayanan Surat Keterangan Belum Menikah,-
Desember,Batununggal,Gumuruh,Pelayanan Surat Keterangan Domisili Kependudukan,46
Desember,Batununggal,Gumuruh,Pelayanan Surat Keterangan Domisili Haji,-
Desember,Batununggal,Gumuruh,Pelayanan Surat Keterangan Tidak Mampu (SKTM),27
Januari,Batununggal,Maleer,Pelayanan Surat Pindah Keluar ,14
Januari,Batununggal,Maleer,Pelayanan Surat Pindah Datang,23
Januari,Batununggal,Maleer,Pelayanan Surat Permohonan KTP,90
Januari,Batununggal,Maleer,Pelayanan Surat Permohonan Kartu Keluarga,121
Januari,Batununggal,Maleer,Pelayanan Surat Pengantar Pernikahan (NA),25
Januari,Batununggal,Maleer,Pelayanan Surat Keterangan Usaha (SHU),59
Januari,Batununggal,Maleer,Pelayanan Surat Keterangan Domisili Perusahaan (SKDP),1
Januari,Batununggal,Maleer,Pelayanan Surat Keterangan Kelahiran,21
Januari,Batununggal,Maleer,Pelayanan Surat Keterangan Kematian,7
Januari,Batununggal,Maleer,Pelayanan Surat Keterangan Ahli Waris,2
Januari,Batununggal,Maleer,Pelayanan Surat Keterangan Belum Menikah,2
Januari,Batununggal,Maleer,Pelayanan Surat Keterangan Domisili Kependudukan,8
Januari,Batununggal,Maleer,Pelayanan Surat Keterangan Domisili Haji,2
Januari,Batununggal,Maleer,Pelayanan Surat Keterangan Tidak Mampu (SKTM),31
Februari,Batununggal,Maleer,Pelayanan Surat Pindah Keluar ,25
Februari,Batununggal,Maleer,Pelayanan Surat Pindah Datang,15
Februari,Batununggal,Maleer,Pelayanan Surat Permohonan KTP,63
Februari,Batununggal,Maleer,Pelayanan Surat Permohonan Kartu Keluarga,95
Februari,Batununggal,Maleer,Pelayanan Surat Pengantar Pernikahan (NA),25
Februari,Batununggal,Maleer,Pelayanan Surat Keterangan Usaha (SHU),46
Februari,Batununggal,Maleer,Pelayanan Surat Keterangan Domisili Perusahaan (SKDP),1
Februari,Batununggal,Maleer,Pelayanan Surat Keterangan Kelahiran,15
Februari,Batununggal,Maleer,Pelayanan Surat Keterangan Kematian,12
Februari,Batununggal,Maleer,Pelayanan Surat Keterangan Ahli Waris,2
Februari,Batununggal,Maleer,Pelayanan Surat Keterangan Belum Menikah,2
Februari,Batununggal,Maleer,Pelayanan Surat Keterangan Domisili Kependudukan,8
Februari,Batununggal,Maleer,Pelayanan Surat Keterangan Domisili Haji,-
Februari,Batununggal,Maleer,Pelayanan Surat Keterangan Tidak Mampu (SKTM),13
Maret,Batununggal,Maleer,Pelayanan Surat Pindah Keluar ,26
Maret,Batununggal,Maleer,Pelayanan Surat Pindah Datang,14
Maret,Batununggal,Maleer,Pelayanan Surat Permohonan KTP,74
Maret,Batununggal,Maleer,Pelayanan Surat Permohonan Kartu Keluarga,88
Maret,Batununggal,Maleer,Pelayanan Surat Pengantar Pernikahan (NA),24
Maret,Batununggal,Maleer,Pelayanan Surat Keterangan Usaha (SHU),28
Maret,Batununggal,Maleer,Pelayanan Surat Keterangan Domisili Perusahaan (SKDP),4
Maret,Batununggal,Maleer,Pelayanan Surat Keterangan Kelahiran,12
Maret,Batununggal,Maleer,Pelayanan Surat Keterangan Kematian,10
Maret,Batununggal,Maleer,Pelayanan Surat Keterangan Ahli Waris,4
Maret,Batununggal,Maleer,Pelayanan Surat Keterangan Belum Menikah,1
Maret,Batununggal,Maleer,Pelayanan Surat Keterangan Domisili Kependudukan,9
Maret,Batununggal,Maleer,Pelayanan Surat Keterangan Domisili Haji,2
Maret,Batununggal,Maleer,Pelayanan Surat Keterangan Tidak Mampu (SKTM),13
April,Batununggal,Maleer,Pelayanan Surat Pindah Keluar ,15
April,Batununggal,Maleer,Pelayanan Surat Pindah Datang,12
April,Batununggal,Maleer,Pelayanan Surat Permohonan KTP,89
April,Batununggal,Maleer,Pelayanan Surat Permohonan Kartu Keluarga,107
April,Batununggal,Maleer,Pelayanan Surat Pengantar Pernikahan (NA),27
April,Batununggal,Maleer,Pelayanan Surat Keterangan Usaha (SHU),39
April,Batununggal,Maleer,Pelayanan Surat Keterangan Domisili Perusahaan (SKDP),-
April,Batununggal,Maleer,Pelayanan Surat Keterangan Kelahiran,23
April,Batununggal,Maleer,Pelayanan Surat Keterangan Kematian,10
April,Batununggal,Maleer,Pelayanan Surat Keterangan Ahli Waris,3
April,Batununggal,Maleer,Pelayanan Surat Keterangan Belum Menikah,6
April,Batununggal,Maleer,Pelayanan Surat Keterangan Domisili Kependudukan,8
April,Batununggal,Maleer,Pelayanan Surat Keterangan Domisili Haji,2
April,Batununggal,Maleer,Pelayanan Surat Keterangan Tidak Mampu (SKTM),36
Mei,Batununggal,Maleer,Pelayanan Surat Pindah Keluar ,19
Mei,Batununggal,Maleer,Pelayanan Surat Pindah Datang,7
Mei,Batununggal,Maleer,Pelayanan Surat Permohonan KTP,62
Mei,Batununggal,Maleer,Pelayanan Surat Permohonan Kartu Keluarga,65
Mei,Batununggal,Maleer,Pelayanan Surat Pengantar Pernikahan (NA),15
Mei,Batununggal,Maleer,Pelayanan Surat Keterangan Usaha (SHU),18
Mei,Batununggal,Maleer,Pelayanan Surat Keterangan Domisili Perusahaan (SKDP),-
Mei,Batununggal,Maleer,Pelayanan Surat Keterangan Kelahiran,11
Mei,Batununggal,Maleer,Pelayanan Surat Keterangan Kematian,8
Mei,Batununggal,Maleer,Pelayanan Surat Keterangan Ahli Waris,2
Mei,Batununggal,Maleer,Pelayanan Surat Keterangan Belum Menikah,1
Mei,Batununggal,Maleer,Pelayanan Surat Keterangan Domisili Kependudukan,4
Mei,Batununggal,Maleer,Pelayanan Surat Keterangan Domisili Haji,-
Mei,Batununggal,Maleer,Pelayanan Surat Keterangan Tidak Mampu (SKTM),86
Juni,Batununggal,Maleer,Pelayanan Surat Pindah Keluar ,12
Juni,Batununggal,Maleer,Pelayanan Surat Pindah Datang,5
Juni,Batununggal,Maleer,Pelayanan Surat Permohonan KTP,33
Juni,Batununggal,Maleer,Pelayanan Surat Permohonan Kartu Keluarga,46
Juni,Batununggal,Maleer,Pelayanan Surat Pengantar Pernikahan (NA),17
Juni,Batununggal,Maleer,Pelayanan Surat Keterangan Usaha (SHU),3
Juni,Batununggal,Maleer,Pelayanan Surat Keterangan Domisili Perusahaan (SKDP),-
Juni,Batununggal,Maleer,Pelayanan Surat Keterangan Kelahiran,3
Juni,Batununggal,Maleer,Pelayanan Surat Keterangan Kematian,9
Juni,Batununggal,Maleer,Pelayanan Surat Keterangan Ahli Waris,1
Juni,Batununggal,Maleer,Pelayanan Surat Keterangan Belum Menikah,-
Juni,Batununggal,Maleer,Pelayanan Surat Keterangan Domisili Kependudukan,2
Juni,Batununggal,Maleer,Pelayanan Surat Keterangan Domisili Haji,-
Juni,Batununggal,Maleer,Pelayanan Surat Keterangan Tidak Mampu (SKTM),73
Juli,Batununggal,Maleer,Pelayanan Surat Pindah Keluar ,35
Juli,Batununggal,Maleer,Pelayanan Surat Pindah Datang,19
Juli,Batununggal,Maleer,Pelayanan Surat Permohonan KTP,55
Juli,Batununggal,Maleer,Pelayanan Surat Permohonan Kartu Keluarga,113
Juli,Batununggal,Maleer,Pelayanan Surat Pengantar Pernikahan (NA),37
Juli,Batununggal,Maleer,Pelayanan Surat Keterangan Usaha (SHU),25
Juli,Batununggal,Maleer,Pelayanan Surat Keterangan Domisili Perusahaan (SKDP),1
Juli,Batununggal,Maleer,Pelayanan Surat Keterangan Kelahiran,22
Juli,Batununggal,Maleer,Pelayanan Surat Keterangan Kematian,12
Juli,Batununggal,Maleer,Pelayanan Surat Keterangan Ahli Waris,5
Juli,Batununggal,Maleer,Pelayanan Surat Keterangan Belum Menikah,2
Juli,Batununggal,Maleer,Pelayanan Surat Keterangan Domisili Kependudukan,3
Juli,Batununggal,Maleer,Pelayanan Surat Keterangan Domisili Haji,-
Juli,Batununggal,Maleer,Pelayanan Surat Keterangan Tidak Mampu (SKTM),139
Agustus,Batununggal,Maleer,Pelayanan Surat Pindah Keluar ,10
Agustus,Batununggal,Maleer,Pelayanan Surat Pindah Datang,3
Agustus,Batununggal,Maleer,Pelayanan Surat Permohonan KTP,7
Agustus,Batununggal,Maleer,Pelayanan Surat Permohonan Kartu Keluarga,28
Agustus,Batununggal,Maleer,Pelayanan Surat Pengantar Pernikahan (NA),8
Agustus,Batununggal,Maleer,Pelayanan Surat Keterangan Usaha (SHU),17
Agustus,Batununggal,Maleer,Pelayanan Surat Keterangan Domisili Perusahaan (SKDP),1
Agustus,Batununggal,Maleer,Pelayanan Surat Keterangan Kelahiran,8
Agustus,Batununggal,Maleer,Pelayanan Surat Keterangan Kematian,1
Agustus,Batununggal,Maleer,Pelayanan Surat Keterangan Ahli Waris,1
Agustus,Batununggal,Maleer,Pelayanan Surat Keterangan Belum Menikah,2
Agustus,Batununggal,Maleer,Pelayanan Surat Keterangan Domisili Kependudukan,2
Agustus,Batununggal,Maleer,Pelayanan Surat Keterangan Domisili Haji,-
Agustus,Batununggal,Maleer,Pelayanan Surat Keterangan Tidak Mampu (SKTM),15
September,Batununggal,Maleer,Pelayanan Surat Pindah Keluar ,28
September,Batununggal,Maleer,Pelayanan Surat Pindah Datang,3
September,Batununggal,Maleer,Pelayanan Surat Permohonan KTP,48
September,Batununggal,Maleer,Pelayanan Surat Permohonan Kartu Keluarga,33
September,Batununggal,Maleer,Pelayanan Surat Pengantar Pernikahan (NA),17
September,Batununggal,Maleer,Pelayanan Surat Keterangan Usaha (SHU),19
September,Batununggal,Maleer,Pelayanan Surat Keterangan Domisili Perusahaan (SKDP),1
September,Batununggal,Maleer,Pelayanan Surat Keterangan Kelahiran,14
September,Batununggal,Maleer,Pelayanan Surat Keterangan Kematian,5
September,Batununggal,Maleer,Pelayanan Surat Keterangan Ahli Waris,3
September,Batununggal,Maleer,Pelayanan Surat Keterangan Belum Menikah,2
September,Batununggal,Maleer,Pelayanan Surat Keterangan Domisili Kependudukan,6
September,Batununggal,Maleer,Pelayanan Surat Keterangan Domisili Haji,1
September,Batununggal,Maleer,Pelayanan Surat Keterangan Tidak Mampu (SKTM),25
Oktober,Batununggal,Maleer,Pelayanan Surat Pindah Keluar ,23
Oktober,Batununggal,Maleer,Pelayanan Surat Pindah Datang,14
Oktober,Batununggal,Maleer,Pelayanan Surat Permohonan KTP,66
Oktober,Batununggal,Maleer,Pelayanan Surat Permohonan Kartu Keluarga,54
Oktober,Batununggal,Maleer,Pelayanan Surat Pengantar Pernikahan (NA),26
Oktober,Batununggal,Maleer,Pelayanan Surat Keterangan Usaha (SHU),20
Oktober,Batununggal,Maleer,Pelayanan Surat Keterangan Domisili Perusahaan (SKDP),-
Oktober,Batununggal,Maleer,Pelayanan Surat Keterangan Kelahiran,20
Oktober,Batununggal,Maleer,Pelayanan Surat Keterangan Kematian,9
Oktober,Batununggal,Maleer,Pelayanan Surat Keterangan Ahli Waris,3
Oktober,Batununggal,Maleer,Pelayanan Surat Keterangan Belum Menikah,4
Oktober,Batununggal,Maleer,Pelayanan Surat Keterangan Domisili Kependudukan,10
Oktober,Batununggal,Maleer,Pelayanan Surat Keterangan Domisili Haji,-
Oktober,Batununggal,Maleer,Pelayanan Surat Keterangan Tidak Mampu (SKTM),13
November,Batununggal,Maleer,Pelayanan Surat Pindah Keluar ,35
November,Batununggal,Maleer,Pelayanan Surat Pindah Datang,9
November,Batununggal,Maleer,Pelayanan Surat Permohonan KTP,45
November,Batununggal,Maleer,Pelayanan Surat Permohonan Kartu Keluarga,59
November,Batununggal,Maleer,Pelayanan Surat Pengantar Pernikahan (NA),19
November,Batununggal,Maleer,Pelayanan Surat Keterangan Usaha (SHU),22
November,Batununggal,Maleer,Pelayanan Surat Keterangan Domisili Perusahaan (SKDP),1
November,Batununggal,Maleer,Pelayanan Surat Keterangan Kelahiran,13
November,Batununggal,Maleer,Pelayanan Surat Keterangan Kematian,8
November,Batununggal,Maleer,Pelayanan Surat Keterangan Ahli Waris,1
November,Batununggal,Maleer,Pelayanan Surat Keterangan Belum Menikah,1
November,Batununggal,Maleer,Pelayanan Surat Keterangan Domisili Kependudukan,9
November,Batununggal,Maleer,Pelayanan Surat Keterangan Domisili Haji,-
November,Batununggal,Maleer,Pelayanan Surat Keterangan Tidak Mampu (SKTM),35
Desember,Batununggal,Maleer,Pelayanan Surat Pindah Keluar ,44
Desember,Batununggal,Maleer,Pelayanan Surat Pindah Datang,9
Desember,Batununggal,Maleer,Pelayanan Surat Permohonan KTP,63
Desember,Batununggal,Maleer,Pelayanan Surat Permohonan Kartu Keluarga,75
Desember,Batununggal,Maleer,Pelayanan Surat Pengantar Pernikahan (NA),22
Desember,Batununggal,Maleer,Pelayanan Surat Keterangan Usaha (SHU),20
Desember,Batununggal,Maleer,Pelayanan Surat Keterangan Domisili Perusahaan (SKDP),1
Desember,Batununggal,Maleer,Pelayanan Surat Keterangan Kelahiran,12
Desember,Batununggal,Maleer,Pelayanan Surat Keterangan Kematian,13
Desember,Batununggal,Maleer,Pelayanan Surat Keterangan Ahli Waris,3
Desember,Batununggal,Maleer,Pelayanan Surat Keterangan Belum Menikah,3
Desember,Batununggal,Maleer,Pelayanan Surat Keterangan Domisili Kependudukan,14
Desember,Batununggal,Maleer,Pelayanan Surat Keterangan Domisili Haji,-
Desember,Batununggal,Maleer,Pelayanan Surat Keterangan Tidak Mampu (SKTM),4
Januari,Batununggal,Kebon Gedang,Pelayanan Surat Pindah Keluar ,13
Januari,Batununggal,Kebon Gedang,Pelayanan Surat Pindah Datang,13
Januari,Batununggal,Kebon Gedang,Pelayanan Surat Permohonan KTP,-
Januari,Batununggal,Kebon Gedang,Pelayanan Surat Permohonan Kartu Keluarga,72
Januari,Batununggal,Kebon Gedang,Pelayanan Surat Pengantar Pernikahan (NA),-
Januari,Batununggal,Kebon Gedang,Pelayanan Surat Keterangan Usaha (SHU),54
Januari,Batununggal,Kebon Gedang,Pelayanan Surat Keterangan Domisili Perusahaan (SKDP),-
Januari,Batununggal,Kebon Gedang,Pelayanan Surat Keterangan Kelahiran,10
Januari,Batununggal,Kebon Gedang,Pelayanan Surat Keterangan Kematian,4
Januari,Batununggal,Kebon Gedang,Pelayanan Surat Keterangan Ahli Waris,-
Januari,Batununggal,Kebon Gedang,Pelayanan Surat Keterangan Belum Menikah,1
Januari,Batununggal,Kebon Gedang,Pelayanan Surat Keterangan Domisili Kependudukan,4
Januari,Batununggal,Kebon Gedang,Pelayanan Surat Keterangan Domisili Haji,4
Januari,Batununggal,Kebon Gedang,Pelayanan Surat Keterangan Tidak Mampu (SKTM),11
Februari,Batununggal,Kebon Gedang,Pelayanan Surat Pindah Keluar ,11
Februari,Batununggal,Kebon Gedang,Pelayanan Surat Pindah Datang,9
Februari,Batununggal,Kebon Gedang,Pelayanan Surat Permohonan KTP,-
Februari,Batununggal,Kebon Gedang,Pelayanan Surat Permohonan Kartu Keluarga,38
Februari,Batununggal,Kebon Gedang,Pelayanan Surat Pengantar Pernikahan (NA),-
Februari,Batununggal,Kebon Gedang,Pelayanan Surat Keterangan Usaha (SHU),25
Februari,Batununggal,Kebon Gedang,Pelayanan Surat Keterangan Domisili Perusahaan (SKDP),-
Februari,Batununggal,Kebon Gedang,Pelayanan Surat Keterangan Kelahiran,6
Februari,Batununggal,Kebon Gedang,Pelayanan Surat Keterangan Kematian,7
Februari,Batununggal,Kebon Gedang,Pelayanan Surat Keterangan Ahli Waris,-
Februari,Batununggal,Kebon Gedang,Pelayanan Surat Keterangan Belum Menikah,-
Februari,Batununggal,Kebon Gedang,Pelayanan Surat Keterangan Domisili Kependudukan,2
Februari,Batununggal,Kebon Gedang,Pelayanan Surat Keterangan Domisili Haji,-
Februari,Batununggal,Kebon Gedang,Pelayanan Surat Keterangan Tidak Mampu (SKTM),18
Maret,Batununggal,Kebon Gedang,Pelayanan Surat Pindah Keluar ,9
Maret,Batununggal,Kebon Gedang,Pelayanan Surat Pindah Datang,1
Maret,Batununggal,Kebon Gedang,Pelayanan Surat Permohonan KTP,-
Maret,Batununggal,Kebon Gedang,Pelayanan Surat Permohonan Kartu Keluarga,40
Maret,Batununggal,Kebon Gedang,Pelayanan Surat Pengantar Pernikahan (NA),-
Maret,Batununggal,Kebon Gedang,Pelayanan Surat Keterangan Usaha (SHU),28
Maret,Batununggal,Kebon Gedang,Pelayanan Surat Keterangan Domisili Perusahaan (SKDP),-
Maret,Batununggal,Kebon Gedang,Pelayanan Surat Keterangan Kelahiran,6
Maret,Batununggal,Kebon Gedang,Pelayanan Surat Keterangan Kematian,8
Maret,Batununggal,Kebon Gedang,Pelayanan Surat Keterangan Ahli Waris,-
Maret,Batununggal,Kebon Gedang,Pelayanan Surat Keterangan Belum Menikah,1
Maret,Batununggal,Kebon Gedang,Pelayanan Surat Keterangan Domisili Kependudukan,3
Maret,Batununggal,Kebon Gedang,Pelayanan Surat Keterangan Domisili Haji,-
Maret,Batununggal,Kebon Gedang,Pelayanan Surat Keterangan Tidak Mampu (SKTM),5
April,Batununggal,Kebon Gedang,Pelayanan Surat Pindah Keluar ,17
April,Batununggal,Kebon Gedang,Pelayanan Surat Pindah Datang,18
April,Batununggal,Kebon Gedang,Pelayanan Surat Permohonan KTP,-
April,Batununggal,Kebon Gedang,Pelayanan Surat Permohonan Kartu Keluarga,51
April,Batununggal,Kebon Gedang,Pelayanan Surat Pengantar Pernikahan (NA),3
April,Batununggal,Kebon Gedang,Pelayanan Surat Keterangan Usaha (SHU),18
April,Batununggal,Kebon Gedang,Pelayanan Surat Keterangan Domisili Perusahaan (SKDP),-
April,Batununggal,Kebon Gedang,Pelayanan Surat Keterangan Kelahiran,7
April,Batununggal,Kebon Gedang,Pelayanan Surat Keterangan Kematian,6
April,Batununggal,Kebon Gedang,Pelayanan Surat Keterangan Ahli Waris,-
April,Batununggal,Kebon Gedang,Pelayanan Surat Keterangan Belum Menikah,1
April,Batununggal,Kebon Gedang,Pelayanan Surat Keterangan Domisili Kependudukan,8
April,Batununggal,Kebon Gedang,Pelayanan Surat Keterangan Domisili Haji,2
April,Batununggal,Kebon Gedang,Pelayanan Surat Keterangan Tidak Mampu (SKTM),7
Mei,Batununggal,Kebon Gedang,Pelayanan Surat Pindah Keluar ,19
Mei,Batununggal,Kebon Gedang,Pelayanan Surat Pindah Datang,14
Mei,Batununggal,Kebon Gedang,Pelayanan Surat Permohonan KTP,-
Mei,Batununggal,Kebon Gedang,Pelayanan Surat Permohonan Kartu Keluarga,48
Mei,Batununggal,Kebon Gedang,Pelayanan Surat Pengantar Pernikahan (NA),10
Mei,Batununggal,Kebon Gedang,Pelayanan Surat Keterangan Usaha (SHU),18
Mei,Batununggal,Kebon Gedang,Pelayanan Surat Keterangan Domisili Perusahaan (SKDP),-
Mei,Batununggal,Kebon Gedang,Pelayanan Surat Keterangan Kelahiran,4
Mei,Batununggal,Kebon Gedang,Pelayanan Surat Keterangan Kematian,7
Mei,Batununggal,Kebon Gedang,Pelayanan Surat Keterangan Ahli Waris,-
Mei,Batununggal,Kebon Gedang,Pelayanan Surat Keterangan Belum Menikah,1
Mei,Batununggal,Kebon Gedang,Pelayanan Surat Keterangan Domisili Kependudukan,4
Mei,Batununggal,Kebon Gedang,Pelayanan Surat Keterangan Domisili Haji,1
Mei,Batununggal,Kebon Gedang,Pelayanan Surat Keterangan Tidak Mampu (SKTM),52
Juni,Batununggal,Kebon Gedang,Pelayanan Surat Pindah Keluar ,7
Juni,Batununggal,Kebon Gedang,Pelayanan Surat Pindah Datang,3
Juni,Batununggal,Kebon Gedang,Pelayanan Surat Permohonan KTP,-
Juni,Batununggal,Kebon Gedang,Pelayanan Surat Permohonan Kartu Keluarga,14
Juni,Batununggal,Kebon Gedang,Pelayanan Surat Pengantar Pernikahan (NA),14
Juni,Batununggal,Kebon Gedang,Pelayanan Surat Keterangan Usaha (SHU),6
Juni,Batununggal,Kebon Gedang,Pelayanan Surat Keterangan Domisili Perusahaan (SKDP),-
Juni,Batununggal,Kebon Gedang,Pelayanan Surat Keterangan Kelahiran,1
Juni,Batununggal,Kebon Gedang,Pelayanan Surat Keterangan Kematian,6
Juni,Batununggal,Kebon Gedang,Pelayanan Surat Keterangan Ahli Waris,-
Juni,Batununggal,Kebon Gedang,Pelayanan Surat Keterangan Belum Menikah,-
Juni,Batununggal,Kebon Gedang,Pelayanan Surat Keterangan Domisili Kependudukan,-
Juni,Batununggal,Kebon Gedang,Pelayanan Surat Keterangan Domisili Haji,-
Juni,Batununggal,Kebon Gedang,Pelayanan Surat Keterangan Tidak Mampu (SKTM),87
Juli,Batununggal,Kebon Gedang,Pelayanan Surat Pindah Keluar ,17
Juli,Batununggal,Kebon Gedang,Pelayanan Surat Pindah Datang,13
Juli,Batununggal,Kebon Gedang,Pelayanan Surat Permohonan KTP,-
Juli,Batununggal,Kebon Gedang,Pelayanan Surat Permohonan Kartu Keluarga,61
Juli,Batununggal,Kebon Gedang,Pelayanan Surat Pengantar Pernikahan (NA),12
Juli,Batununggal,Kebon Gedang,Pelayanan Surat Keterangan Usaha (SHU),17
Juli,Batununggal,Kebon Gedang,Pelayanan Surat Keterangan Domisili Perusahaan (SKDP),-
Juli,Batununggal,Kebon Gedang,Pelayanan Surat Keterangan Kelahiran,20
Juli,Batununggal,Kebon Gedang,Pelayanan Surat Keterangan Kematian,5
Juli,Batununggal,Kebon Gedang,Pelayanan Surat Keterangan Ahli Waris,-
Juli,Batununggal,Kebon Gedang,Pelayanan Surat Keterangan Belum Menikah,1
Juli,Batununggal,Kebon Gedang,Pelayanan Surat Keterangan Domisili Kependudukan,8
Juli,Batununggal,Kebon Gedang,Pelayanan Surat Keterangan Domisili Haji,1
Juli,Batununggal,Kebon Gedang,Pelayanan Surat Keterangan Tidak Mampu (SKTM),79
Agustus,Batununggal,Kebon Gedang,Pelayanan Surat Pindah Keluar ,13
Agustus,Batununggal,Kebon Gedang,Pelayanan Surat Pindah Datang,10
Agustus,Batununggal,Kebon Gedang,Pelayanan Surat Permohonan KTP,-
Agustus,Batununggal,Kebon Gedang,Pelayanan Surat Permohonan Kartu Keluarga,36
Agustus,Batununggal,Kebon Gedang,Pelayanan Surat Pengantar Pernikahan (NA),7
Agustus,Batununggal,Kebon Gedang,Pelayanan Surat Keterangan Usaha (SHU),14
Agustus,Batununggal,Kebon Gedang,Pelayanan Surat Keterangan Domisili Perusahaan (SKDP),-
Agustus,Batununggal,Kebon Gedang,Pelayanan Surat Keterangan Kelahiran,6
Agustus,Batununggal,Kebon Gedang,Pelayanan Surat Keterangan Kematian,4
Agustus,Batununggal,Kebon Gedang,Pelayanan Surat Keterangan Ahli Waris,-
Agustus,Batununggal,Kebon Gedang,Pelayanan Surat Keterangan Belum Menikah,4
Agustus,Batununggal,Kebon Gedang,Pelayanan Surat Keterangan Domisili Kependudukan,2
Agustus,Batununggal,Kebon Gedang,Pelayanan Surat Keterangan Domisili Haji,6
Agustus,Batununggal,Kebon Gedang,Pelayanan Surat Keterangan Tidak Mampu (SKTM),24
September,Batununggal,Kebon Gedang,Pelayanan Surat Pindah Keluar ,16
September,Batununggal,Kebon Gedang,Pelayanan Surat Pindah Datang,6
September,Batununggal,Kebon Gedang,Pelayanan Surat Permohonan KTP,-
September,Batununggal,Kebon Gedang,Pelayanan Surat Permohonan Kartu Keluarga,29
September,Batununggal,Kebon Gedang,Pelayanan Surat Pengantar Pernikahan (NA),1
September,Batununggal,Kebon Gedang,Pelayanan Surat Keterangan Usaha (SHU),17
September,Batununggal,Kebon Gedang,Pelayanan Surat Keterangan Domisili Perusahaan (SKDP),-
September,Batununggal,Kebon Gedang,Pelayanan Surat Keterangan Kelahiran,5
September,Batununggal,Kebon Gedang,Pelayanan Surat Keterangan Kematian,4
September,Batununggal,Kebon Gedang,Pelayanan Surat Keterangan Ahli Waris,-
September,Batununggal,Kebon Gedang,Pelayanan Surat Keterangan Belum Menikah,2
September,Batununggal,Kebon Gedang,Pelayanan Surat Keterangan Domisili Kependudukan,4
September,Batununggal,Kebon Gedang,Pelayanan Surat Keterangan Domisili Haji,2
September,Batununggal,Kebon Gedang,Pelayanan Surat Keterangan Tidak Mampu (SKTM),22
Oktober,Batununggal,Kebon Gedang,Pelayanan Surat Pindah Keluar ,14
Oktober,Batununggal,Kebon Gedang,Pelayanan Surat Pindah Datang,15
Oktober,Batununggal,Kebon Gedang,Pelayanan Surat Permohonan KTP,-
Oktober,Batununggal,Kebon Gedang,Pelayanan Surat Permohonan Kartu Keluarga,51
Oktober,Batununggal,Kebon Gedang,Pelayanan Surat Pengantar Pernikahan (NA),1
Oktober,Batununggal,Kebon Gedang,Pelayanan Surat Keterangan Usaha (SHU),15
Oktober,Batununggal,Kebon Gedang,Pelayanan Surat Keterangan Domisili Perusahaan (SKDP),-
Oktober,Batununggal,Kebon Gedang,Pelayanan Surat Keterangan Kelahiran,5
Oktober,Batununggal,Kebon Gedang,Pelayanan Surat Keterangan Kematian,6
Oktober,Batununggal,Kebon Gedang,Pelayanan Surat Keterangan Ahli Waris,-
Oktober,Batununggal,Kebon Gedang,Pelayanan Surat Keterangan Belum Menikah,1
Oktober,Batununggal,Kebon Gedang,Pelayanan Surat Keterangan Domisili Kependudukan,2
Oktober,Batununggal,Kebon Gedang,Pelayanan Surat Keterangan Domisili Haji,-
Oktober,Batununggal,Kebon Gedang,Pelayanan Surat Keterangan Tidak Mampu (SKTM),16
November,Batununggal,Kebon Gedang,Pelayanan Surat Pindah Keluar ,9
November,Batununggal,Kebon Gedang,Pelayanan Surat Pindah Datang,9
November,Batununggal,Kebon Gedang,Pelayanan Surat Permohonan KTP,-
November,Batununggal,Kebon Gedang,Pelayanan Surat Permohonan Kartu Keluarga,33
November,Batununggal,Kebon Gedang,Pelayanan Surat Pengantar Pernikahan (NA),13
November,Batununggal,Kebon Gedang,Pelayanan Surat Keterangan Usaha (SHU),24
November,Batununggal,Kebon Gedang,Pelayanan Surat Keterangan Domisili Perusahaan (SKDP),-
November,Batununggal,Kebon Gedang,Pelayanan Surat Keterangan Kelahiran,3
November,Batununggal,Kebon Gedang,Pelayanan Surat Keterangan Kematian,2
November,Batununggal,Kebon Gedang,Pelayanan Surat Keterangan Ahli Waris,3
November,Batununggal,Kebon Gedang,Pelayanan Surat Keterangan Belum Menikah,-
November,Batununggal,Kebon Gedang,Pelayanan Surat Keterangan Domisili Kependudukan,3
November,Batununggal,Kebon Gedang,Pelayanan Surat Keterangan Domisili Haji,-
November,Batununggal,Kebon Gedang,Pelayanan Surat Keterangan Tidak Mampu (SKTM),27
Desember,Batununggal,Kebon Gedang,Pelayanan Surat Pindah Keluar ,10
Desember,Batununggal,Kebon Gedang,Pelayanan Surat Pindah Datang,10
Desember,Batununggal,Kebon Gedang,Pelayanan Surat Permohonan KTP,-
Desember,Batununggal,Kebon Gedang,Pelayanan Surat Permohonan Kartu Keluarga,52
Desember,Batununggal,Kebon Gedang,Pelayanan Surat Pengantar Pernikahan (NA),4
Desember,Batununggal,Kebon Gedang,Pelayanan Surat Keterangan Usaha (SHU),9
Desember,Batununggal,Kebon Gedang,Pelayanan Surat Keterangan Domisili Perusahaan (SKDP),-
Desember,Batununggal,Kebon Gedang,Pelayanan Surat Keterangan Kelahiran,6
Desember,Batununggal,Kebon Gedang,Pelayanan Surat Keterangan Kematian,3
Desember,Batununggal,Kebon Gedang,Pelayanan Surat Keterangan Ahli Waris,-
Desember,Batununggal,Kebon Gedang,Pelayanan Surat Keterangan Belum Menikah,-
Desember,Batununggal,Kebon Gedang,Pelayanan Surat Keterangan Domisili Kependudukan,-
Desember,Batununggal,Kebon Gedang,Pelayanan Surat Keterangan Domisili Haji,9
Desember,Batununggal,Kebon Gedang,Pelayanan Surat Keterangan Tidak Mampu (SKTM),14
Januari,Batununggal,Kebon Waru,Pelayanan Surat Pindah Keluar,22
Januari,Batununggal,Kebon Waru,Pelayanan Surat Pindah Datang,15
Januari,Batununggal,Kebon Waru,Pelayanan Surat Permohonan KTP,60
Januari,Batununggal,Kebon Waru,Pelayanan Surat Permohonan Kartu Keluarga,87
Januari,Batununggal,Kebon Waru,Pelayanan Surat Pengantar Nikah,18
Januari,Batununggal,Kebon Waru,Pelayanan Surat Keterangan Usaha,31
Januari,Batununggal,Kebon Waru,Pelayanan Surat Domisili Perusahaan,2
Januari,Batununggal,Kebon Waru,Pelayanan Surat Keterangan Kelahiran,11
Januari,Batununggal,Kebon Waru,Pelayanan Surat Keterangan Kematian,12
Januari,Batununggal,Kebon Waru,Pelayanan Surat Keterangan Ahli Waris,3
Januari,Batununggal,Kebon Waru,Pelayanan Surat Keterangan Belum Menikah,-
Januari,Batununggal,Kebon Waru,Pelayanan Surat Keterangan Domisili Penduduk,5
Januari,Batununggal,Kebon Waru,Pelayanan Surat KeteranganDomisili Haji,1
Januari,Batununggal,Kebon Waru,Pelayanan Surat Keterangan Tidak Mampu (SKTM),12
Februari,Batununggal,Kebon Waru,Pelayanan Surat Pindah Keluar,21
Februari,Batununggal,Kebon Waru,Pelayanan Surat Pindah Datang,11
Februari,Batununggal,Kebon Waru,Pelayanan Surat Permohonan KTP,43
Februari,Batununggal,Kebon Waru,Pelayanan Surat Permohonan Kartu Keluarga,61
Februari,Batununggal,Kebon Waru,Pelayanan Surat Pengantar Nikah,12
Februari,Batununggal,Kebon Waru,Pelayanan Surat Keterangan Usaha,65
Februari,Batununggal,Kebon Waru,Pelayanan Surat Domisili Perusahaan,1
Februari,Batununggal,Kebon Waru,Pelayanan Surat Keterangan Kelahiran,8
Februari,Batununggal,Kebon Waru,Pelayanan Surat Keterangan Kematian,7
Februari,Batununggal,Kebon Waru,Pelayanan Surat Keterangan Ahli Waris,-
Februari,Batununggal,Kebon Waru,Pelayanan Surat Keterangan Belum Menikah,1
Februari,Batununggal,Kebon Waru,Pelayanan Surat Keterangan Domisili Penduduk,2
Februari,Batununggal,Kebon Waru,Pelayanan Surat KeteranganDomisili Haji,3
Februari,Batununggal,Kebon Waru,Pelayanan Surat Keterangan Tidak Mampu (SKTM),22
Maret,Batununggal,Kebon Waru,Pelayanan Surat Pindah Keluar,18
Maret,Batununggal,Kebon Waru,Pelayanan Surat Pindah Datang,14
Maret,Batununggal,Kebon Waru,Pelayanan Surat Permohonan KTP,62
Maret,Batununggal,Kebon Waru,Pelayanan Surat Permohonan Kartu Keluarga,79
Maret,Batununggal,Kebon Waru,Pelayanan Surat Pengantar Nikah,12
Maret,Batununggal,Kebon Waru,Pelayanan Surat Keterangan Usaha,41
Maret,Batununggal,Kebon Waru,Pelayanan Surat Domisili Perusahaan,1
Maret,Batununggal,Kebon Waru,Pelayanan Surat Keterangan Kelahiran,12
Maret,Batununggal,Kebon Waru,Pelayanan Surat Keterangan Kematian,3
Maret,Batununggal,Kebon Waru,Pelayanan Surat Keterangan Ahli Waris,2
Maret,Batununggal,Kebon Waru,Pelayanan Surat Keterangan Belum Menikah,1
Maret,Batununggal,Kebon Waru,Pelayanan Surat Keterangan Domisili Penduduk,5
Maret,Batununggal,Kebon Waru,Pelayanan Surat KeteranganDomisili Haji,-
Maret,Batununggal,Kebon Waru,Pelayanan Surat Keterangan Tidak Mampu (SKTM),16
April,Batununggal,Kebon Waru,Pelayanan Surat Pindah Keluar,22
April,Batununggal,Kebon Waru,Pelayanan Surat Pindah Datang,16
April,Batununggal,Kebon Waru,Pelayanan Surat Permohonan KTP,64
April,Batununggal,Kebon Waru,Pelayanan Surat Permohonan Kartu Keluarga,65
April,Batununggal,Kebon Waru,Pelayanan Surat Pengantar Nikah,27
April,Batununggal,Kebon Waru,Pelayanan Surat Keterangan Usaha,30
April,Batununggal,Kebon Waru,Pelayanan Surat Domisili Perusahaan,1
April,Batununggal,Kebon Waru,Pelayanan Surat Keterangan Kelahiran,16
April,Batununggal,Kebon Waru,Pelayanan Surat Keterangan Kematian,4
April,Batununggal,Kebon Waru,Pelayanan Surat Keterangan Ahli Waris,-
April,Batununggal,Kebon Waru,Pelayanan Surat Keterangan Belum Menikah,7
April,Batununggal,Kebon Waru,Pelayanan Surat Keterangan Domisili Penduduk,1
April,Batununggal,Kebon Waru,Pelayanan Surat KeteranganDomisili Haji,3
April,Batununggal,Kebon Waru,Pelayanan Surat Keterangan Tidak Mampu (SKTM),34
Mei,Batununggal,Kebon Waru,Pelayanan Surat Pindah Keluar,14
Mei,Batununggal,Kebon Waru,Pelayanan Surat Pindah Datang,7
Mei,Batununggal,Kebon Waru,Pelayanan Surat Permohonan KTP,60
Mei,Batununggal,Kebon Waru,Pelayanan Surat Permohonan Kartu Keluarga,58
Mei,Batununggal,Kebon Waru,Pelayanan Surat Pengantar Nikah,12
Mei,Batununggal,Kebon Waru,Pelayanan Surat Keterangan Usaha,30
Mei,Batununggal,Kebon Waru,Pelayanan Surat Domisili Perusahaan,2
Mei,Batununggal,Kebon Waru,Pelayanan Surat Keterangan Kelahiran,6
Mei,Batununggal,Kebon Waru,Pelayanan Surat Keterangan Kematian,3
Mei,Batununggal,Kebon Waru,Pelayanan Surat Keterangan Ahli Waris,1
Mei,Batununggal,Kebon Waru,Pelayanan Surat Keterangan Belum Menikah,2
Mei,Batununggal,Kebon Waru,Pelayanan Surat Keterangan Domisili Penduduk,5
Mei,Batununggal,Kebon Waru,Pelayanan Surat KeteranganDomisili Haji,-
Mei,Batununggal,Kebon Waru,Pelayanan Surat Keterangan Tidak Mampu (SKTM),95
Juni,Batununggal,Kebon Waru,Pelayanan Surat Pindah Keluar,16
Juni,Batununggal,Kebon Waru,Pelayanan Surat Pindah Datang,11
Juni,Batununggal,Kebon Waru,Pelayanan Surat Permohonan KTP,28
Juni,Batununggal,Kebon Waru,Pelayanan Surat Permohonan Kartu Keluarga,39
Juni,Batununggal,Kebon Waru,Pelayanan Surat Pengantar Nikah,10
Juni,Batununggal,Kebon Waru,Pelayanan Surat Keterangan Usaha,40
Juni,Batununggal,Kebon Waru,Pelayanan Surat Domisili Perusahaan,1
Juni,Batununggal,Kebon Waru,Pelayanan Surat Keterangan Kelahiran,7
Juni,Batununggal,Kebon Waru,Pelayanan Surat Keterangan Kematian,2
Juni,Batununggal,Kebon Waru,Pelayanan Surat Keterangan Ahli Waris,2
Juni,Batununggal,Kebon Waru,Pelayanan Surat Keterangan Belum Menikah,3
Juni,Batununggal,Kebon Waru,Pelayanan Surat Keterangan Domisili Penduduk,3
Juni,Batununggal,Kebon Waru,Pelayanan Surat KeteranganDomisili Haji,-
Juni,Batununggal,Kebon Waru,Pelayanan Surat Keterangan Tidak Mampu (SKTM),70
Juli,Batununggal,Kebon Waru,Pelayanan Surat Pindah Keluar,27
Juli,Batununggal,Kebon Waru,Pelayanan Surat Pindah Datang,9
Juli,Batununggal,Kebon Waru,Pelayanan Surat Permohonan KTP,35
Juli,Batununggal,Kebon Waru,Pelayanan Surat Permohonan Kartu Keluarga,73
Juli,Batununggal,Kebon Waru,Pelayanan Surat Pengantar Nikah,28
Juli,Batununggal,Kebon Waru,Pelayanan Surat Keterangan Usaha,17
Juli,Batununggal,Kebon Waru,Pelayanan Surat Domisili Perusahaan,3
Juli,Batununggal,Kebon Waru,Pelayanan Surat Keterangan Kelahiran,9
Juli,Batununggal,Kebon Waru,Pelayanan Surat Keterangan Kematian,5
Juli,Batununggal,Kebon Waru,Pelayanan Surat Keterangan Ahli Waris,-
Juli,Batununggal,Kebon Waru,Pelayanan Surat Keterangan Belum Menikah,3
Juli,Batununggal,Kebon Waru,Pelayanan Surat Keterangan Domisili Penduduk,6
Juli,Batununggal,Kebon Waru,Pelayanan Surat KeteranganDomisili Haji,5
Juli,Batununggal,Kebon Waru,Pelayanan Surat Keterangan Tidak Mampu (SKTM),92
Agustus,Batununggal,Kebon Waru,Pelayanan Surat Pindah Keluar,19
Agustus,Batununggal,Kebon Waru,Pelayanan Surat Pindah Datang,17
Agustus,Batununggal,Kebon Waru,Pelayanan Surat Permohonan KTP,46
Agustus,Batununggal,Kebon Waru,Pelayanan Surat Permohonan Kartu Keluarga,65
Agustus,Batununggal,Kebon Waru,Pelayanan Surat Pengantar Nikah,28
Agustus,Batununggal,Kebon Waru,Pelayanan Surat Keterangan Usaha,28
Agustus,Batununggal,Kebon Waru,Pelayanan Surat Domisili Perusahaan,1
Agustus,Batununggal,Kebon Waru,Pelayanan Surat Keterangan Kelahiran,14
Agustus,Batununggal,Kebon Waru,Pelayanan Surat Keterangan Kematian,6
Agustus,Batununggal,Kebon Waru,Pelayanan Surat Keterangan Ahli Waris,-
Agustus,Batununggal,Kebon Waru,Pelayanan Surat Keterangan Belum Menikah,3
Agustus,Batununggal,Kebon Waru,Pelayanan Surat Keterangan Domisili Penduduk,2
Agustus,Batununggal,Kebon Waru,Pelayanan Surat KeteranganDomisili Haji,4
Agustus,Batununggal,Kebon Waru,Pelayanan Surat Keterangan Tidak Mampu (SKTM),35
September,Batununggal,Kebon Waru,Pelayanan Surat Pindah Keluar,22
September,Batununggal,Kebon Waru,Pelayanan Surat Pindah Datang,16
September,Batununggal,Kebon Waru,Pelayanan Surat Permohonan KTP,48
September,Batununggal,Kebon Waru,Pelayanan Surat Permohonan Kartu Keluarga,41
September,Batununggal,Kebon Waru,Pelayanan Surat Pengantar Nikah,12
September,Batununggal,Kebon Waru,Pelayanan Surat Keterangan Usaha,19
September,Batununggal,Kebon Waru,Pelayanan Surat Domisili Perusahaan,4
September,Batununggal,Kebon Waru,Pelayanan Surat Keterangan Kelahiran,15
September,Batununggal,Kebon Waru,Pelayanan Surat Keterangan Kematian,6
September,Batununggal,Kebon Waru,Pelayanan Surat Keterangan Ahli Waris,-
September,Batununggal,Kebon Waru,Pelayanan Surat Keterangan Belum Menikah,6
September,Batununggal,Kebon Waru,Pelayanan Surat Keterangan Domisili Penduduk,7
September,Batununggal,Kebon Waru,Pelayanan Surat KeteranganDomisili Haji,-
September,Batununggal,Kebon Waru,Pelayanan Surat Keterangan Tidak Mampu (SKTM),44
Oktober,Batununggal,Kebon Waru,Pelayanan Surat Pindah Keluar,20
Oktober,Batununggal,Kebon Waru,Pelayanan Surat Pindah Datang,12
Oktober,Batununggal,Kebon Waru,Pelayanan Surat Permohonan KTP,37
Oktober,Batununggal,Kebon Waru,Pelayanan Surat Permohonan Kartu Keluarga,72
Oktober,Batununggal,Kebon Waru,Pelayanan Surat Pengantar Nikah,24
Oktober,Batununggal,Kebon Waru,Pelayanan Surat Keterangan Usaha,24
Oktober,Batununggal,Kebon Waru,Pelayanan Surat Domisili Perusahaan,1
Oktober,Batununggal,Kebon Waru,Pelayanan Surat Keterangan Kelahiran,10
Oktober,Batununggal,Kebon Waru,Pelayanan Surat Keterangan Kematian,-
Oktober,Batununggal,Kebon Waru,Pelayanan Surat Keterangan Ahli Waris,-
Oktober,Batununggal,Kebon Waru,Pelayanan Surat Keterangan Belum Menikah,4
Oktober,Batununggal,Kebon Waru,Pelayanan Surat Keterangan Domisili Penduduk,5
Oktober,Batununggal,Kebon Waru,Pelayanan Surat KeteranganDomisili Haji,4
Oktober,Batununggal,Kebon Waru,Pelayanan Surat Keterangan Tidak Mampu (SKTM),23
November,Batununggal,Kebon Waru,Pelayanan Surat Pindah Keluar,21
November,Batununggal,Kebon Waru,Pelayanan Surat Pindah Datang,4
November,Batununggal,Kebon Waru,Pelayanan Surat Permohonan KTP,21
November,Batununggal,Kebon Waru,Pelayanan Surat Permohonan Kartu Keluarga,29
November,Batununggal,Kebon Waru,Pelayanan Surat Pengantar Nikah,25
November,Batununggal,Kebon Waru,Pelayanan Surat Keterangan Usaha,35
November,Batununggal,Kebon Waru,Pelayanan Surat Domisili Perusahaan,-
November,Batununggal,Kebon Waru,Pelayanan Surat Keterangan Kelahiran,5
November,Batununggal,Kebon Waru,Pelayanan Surat Keterangan Kematian,-
November,Batununggal,Kebon Waru,Pelayanan Surat Keterangan Ahli Waris,-
November,Batununggal,Kebon Waru,Pelayanan Surat Keterangan Belum Menikah,1
November,Batununggal,Kebon Waru,Pelayanan Surat Keterangan Domisili Penduduk,4
November,Batununggal,Kebon Waru,Pelayanan Surat KeteranganDomisili Haji,2
November,Batununggal,Kebon Waru,Pelayanan Surat Keterangan Tidak Mampu (SKTM),34
Desember,Batununggal,Kebon Waru,Pelayanan Surat Pindah Keluar,19
Desember,Batununggal,Kebon Waru,Pelayanan Surat Pindah Datang,9
Desember,Batununggal,Kebon Waru,Pelayanan Surat Permohonan KTP,31
Desember,Batununggal,Kebon Waru,Pelayanan Surat Permohonan Kartu Keluarga,43
Desember,Batununggal,Kebon Waru,Pelayanan Surat Pengantar Nikah,11
Desember,Batununggal,Kebon Waru,Pelayanan Surat Keterangan Usaha,14
Desember,Batununggal,Kebon Waru,Pelayanan Surat Domisili Perusahaan,2
Desember,Batununggal,Kebon Waru,Pelayanan Surat Keterangan Kelahiran,12
Desember,Batununggal,Kebon Waru,Pelayanan Surat Keterangan Kematian,-
Desember,Batununggal,Kebon Waru,Pelayanan Surat Keterangan Ahli Waris,-
Desember,Batununggal,Kebon Waru,Pelayanan Surat Keterangan Belum Menikah,1
Desember,Batununggal,Kebon Waru,Pelayanan Surat Keterangan Domisili Penduduk,-
Desember,Batununggal,Kebon Waru,Pelayanan Surat KeteranganDomisili Haji,-
Desember,Batununggal,Kebon Waru,Pelayanan Surat Keterangan Tidak Mampu (SKTM),13